{
  "nodes": [
    {
      "id": "inicio",
      "texto": "Benigno siempre había vivido en las sombras, obsesionado con la perfección de los Pokémon tipo Bicho. Su fascinación lo llevó al Equipo Flare, donde su deseo de poder creció desmedido. Tras la derrota de Lysandre, se encuentra solo, sin propósito, atormentado por sus acciones pasadas.",
      "opciones": ["Seguir vagando", "Buscar un cambio"],
      "siguiente": ["continua_vagando", "encuentro_caterpie"]
    },
    {
      "id": "continua_vagando",
      "texto": "Decides seguir vagando, sumido en tu dolor. El peso de tus acciones te consume lentamente, sin encontrar alivio ni redención.",
      "opciones": ["Volver atrás", "Aceptar tu destino"],
      "siguiente": ["inicio", "final_triste"]
    },
    {
      "id": "encuentro_caterpie",
      "texto": "Una noche, encuentras un Caterpie atrapado entre ramas. Sus ojos reflejan esperanza. Por primera vez, sientes una conexión genuina con un Pokémon.",
      "opciones": ["Liberarlo", "Ignorarlo"],
      "siguiente": ["liberacion_caterpie", "ignorar_caterpie"]
    },
    {
      "id": "liberacion_caterpie",
      "texto": "Liberas al Caterpie con cuidado. Una nueva determinación nace en ti. Decides cambiar tu nombre a Beni-Jugoso, simbolizando tu renacer.",
      "opciones": ["Viajar con Caterpie", "Demostrar tu cambio"],
      "siguiente": ["viaje_region", "encuentro_serena"]
    },
    {
      "id": "ignorar_caterpie",
      "texto": "Ignoras al Caterpie, pero su imagen no te abandona. Una sensación de vacío te persigue, recordándote lo que podrías haber sido.",
      "opciones": ["Arrepentirse", "Persistir en tu camino"],
      "siguiente": ["inicio", "final_solitario"]
    },
    {
      "id": "viaje_region",
      "texto": "Viajas con Caterpie, que evoluciona a Butterfree. Juntos ayudan a Pokémon necesitados, pero la gente aún desconfía de tu pasado.",
      "opciones": ["Enfrentar tu historia", "Buscar a Serena"],
      "siguiente": ["prueba_redencion", "encuentro_serena"]
    },
    {
      "id": "encuentro_serena",
      "texto": "En Ciudad Luminalia, te encuentras con Serena, tu antigua rival. '¿Beni-Jugoso? ¿Eres tú?', pregunta con incredulidad.",
      "opciones": ["Confesar tu cambio", "Mentir sobre tu identidad"],
      "siguiente": ["redencion", "rechazo"]
    },
    {
      "id": "redencion",
      "texto": "'Sí, he cambiado'. Serena decide darte una oportunidad. Juntos viajan por Kalos, ayudando a entrenadores y Pokémon, construyendo tu nueva reputación.",
      "opciones": ["Enfrentar tu pasado", "Continuar tu viaje"],
      "siguiente": ["prueba_final", "final_feliz"]
    },
    {
      "id": "prueba_final",
      "texto": "Un ex-miembro del Equipo Flare te desafía. En una batalla épica, demuestras que tu fuerza ahora viene del respeto y amor por los Pokémon.",
      "opciones": ["Convertirte en símbolo", "Vivir en paz"],
      "siguiente": ["final_heroico", "final_paz"]
    },
    {
      "id": "final_triste",
      "texto": "El vacío consume tu existencia. Sin propósito ni compañía, desapareces en las sombras de las que nunca lograste escapar.",
      "opciones": ["Volver al inicio"],
      "siguiente": ["inicio"]
    },
    {
      "id": "final_solitario",
      "texto": "Sigues solo, atrapado entre el arrepentimiento y el orgullo. El camino de la redención se cierra ante ti.",
      "opciones": ["Volver al inicio"],
      "siguiente": ["inicio"]
    },
    {
      "id": "final_feliz",
      "texto": "Butterfree y los Pokémon que ayudaste son tu familia. La gente finalmente ve el cambio en ti, aceptándote como un verdadero protector de Pokémon.",
      "opciones": ["Volver al inicio"],
      "siguiente": ["inicio"]
    },
    {
      "id": "final_heroico",
      "texto": "Te conviertes en símbolo de redención en Kalos. Tu historia inspira a otros a cambiar, demostrando que nunca es tarde para elegir el bien.",
      "opciones": ["Volver al inicio"],
      "siguiente": ["inicio"]
    },
    {
      "id": "final_paz",
      "texto": "Vives en armonía con Butterfree y los Pokémon que rescataste. La paz que encontraste supera cualquier victoria que hayas tenido en el pasado.",
      "opciones": ["Volver al inicio"],
      "siguiente": ["inicio"]
    },
    {
      "id": "rechazo",
      "texto": "Mientes sobre tu identidad, pero Serena reconoce la verdad. Se aleja desconfiada, cerrando una puerta crucial para tu redención.",
      "opciones": ["Persistir solo", "Rendirse"],
      "siguiente": ["viaje_region", "final_solitario"]
    }
  ]
}